[{"state": "0", "action": "0", "value": -1}, {"state": "0", "action": "1", "value": -1}, {"state": "0", "action": "1", "value": -1}, {"state": "0", "action": "0", "value": -1}, {"state": "0", "action": "0", "value": -1}, {"state": "0", "action": "0", "value": -1}, {"state": "0", "action": "0", "value": -1}, {"state": "0", "action": "1", "value": -1}, {"state": "0", "action": "0", "value": -1}, {"state": "0", "action": "0", "value": -1}, {"state": "0", "action": "0", "value": -1}, {"state": "0", "action": "1", "value": -1}, {"state": "0", "action": "1", "value": -1}, {"state": "0", "action": "0", "value": -1}, {"state": "0", "action": "1", "value": -1}, {"state": "0", "action": "1", "value": -1}, {"state": "0", "action": "1", "value": -1}, {"state": "0", "action": "0", "value": -1}, {"state": "0", "action": "1", "value": -1}, {"state": "0", "action": "1", "value": -1}, {"state": "0", "action": "1", "value": -1}, {"state": "0", "action": "1", "value": -1}, {"state": "0", "action": "1", "value": -1}, {"state": "0", "action": "0", "value": -1}, {"state": "0", "action": "0", "value": -1}, {"state": "0", "action": "1", "value": -1}, {"state": "0", "action": "1", "value": -1}, {"state": "0", "action": "0", "value": -1}, {"state": "0", "action": "0", "value": -1}, {"state": "0", "action": "0", "value": -1}, {"state": "0", "action": "1", "value": -1}, {"state": "0", "action": "0", "value": -1}, {"state": "0", "action": "0", "value": -1}, {"state": "0", "action": "0", "value": -1}, {"state": "0", "action": "0", "value": -1}, {"state": "0", "action": "1", "value": -1}, {"state": "0", "action": "1", "value": -1}, {"state": "0", "action": "1", "value": -1}, {"state": "0", "action": "0", "value": -1}, {"state": "0", "action": "1", "value": -1}, {"state": "0", "action": "1", "value": -1}, {"state": "0", "action": "1", "value": -1}, {"state": "0", "action": "0", "value": -1}, {"state": "0", "action": "1", "value": -1}, {"state": "0", "action": "1", "value": -1}, {"state": "0", "action": "0", "value": -1}, {"state": "0", "action": "1", "value": -1}, {"state": "0", "action": "0", "value": -1}, {"state": "0", "action": "1", "value": -1}, {"state": "0", "action": "0", "value": -1}, {"state": "0", "action": "0", "value": -1}, {"state": "0", "action": "0", "value": -1}, {"state": "0", "action": "1", "value": -1}, {"state": "0", "action": "1", "value": -1}, {"state": "0", "action": "0", "value": -1}, {"state": "0", "action": "1", "value": -1}, {"state": "0", "action": "0", "value": -1}, {"state": "0", "action": "1", "value": -1}, {"state": "0", "action": "0", "value": -1}, {"state": "0", "action": "1", "value": -1}, {"state": "0", "action": "0", "value": -1}, {"state": "0", "action": "0", "value": -1}, {"state": "0", "action": "1", "value": -1}, {"state": "0", "action": "1", "value": -1}, {"state": "0", "action": "0", "value": -1}, {"state": "0", "action": "1", "value": -1}, {"state": "0", "action": "0", "value": -1}, {"state": "0", "action": "0", "value": -1}, {"state": "0", "action": "1", "value": -1}, {"state": "0", "action": "1", "value": -1}, {"state": "0", "action": "0", "value": -1}, {"state": "0", "action": "0", "value": -1}, {"state": "0", "action": "1", "value": -1}, {"state": "0", "action": "1", "value": -1}, {"state": "0", "action": "1", "value": -1}, {"state": "0", "action": "0", "value": -1}, {"state": "0", "action": "1", "value": -1}, {"state": "0", "action": "0", "value": -1}, {"state": "0", "action": "1", "value": -1}, {"state": "0", "action": "0", "value": -1}, {"state": "0", "action": "0", "value": -1}, {"state": "0", "action": "0", "value": -1}, {"state": "0", "action": "1", "value": -1}, {"state": "0", "action": "0", "value": -1}, {"state": "0", "action": "1", "value": -1}, {"state": "0", "action": "0", "value": -1}, {"state": "0", "action": "0", "value": -1}, {"state": "0", "action": "0", "value": -1}, {"state": "0", "action": "1", "value": -1}, {"state": "0", "action": "1", "value": -1}, {"state": "0", "action": "0", "value": -1}, {"state": "0", "action": "0", "value": -1}, {"state": "0", "action": "1", "value": -1}, {"state": "0", "action": "0", "value": -1}, {"state": "0", "action": "0", "value": -1}, {"state": "0", "action": "1", "value": -1}, {"state": "0", "action": "0", "value": -1}, {"state": "0", "action": "1", "value": -1}, {"state": "0", "action": "1", "value": -1}, {"state": "0", "action": "1", "value": -1}, {"state": "0", "action": "0", "value": -1}, {"state": "0", "action": "1", "value": -1}, {"state": "0", "action": "0", "value": -1}, {"state": "0", "action": "0", "value": -1}, {"state": "0", "action": "0", "value": -1}, {"state": "0", "action": "0", "value": -1}, {"state": "0", "action": "1", "value": -1}, {"state": "0", "action": "1", "value": -1}, {"state": "0", "action": "0", "value": -1}, {"state": "0", "action": "1", "value": -1}, {"state": "0", "action": "0", "value": -1}, {"state": "0", "action": "1", "value": -1}, {"state": "0", "action": "0", "value": -1}, {"state": "0", "action": "0", "value": -1}, {"state": "0", "action": "0", "value": -1}, {"state": "0", "action": "0", "value": -1}, {"state": "0", "action": "0", "value": -1}, {"state": "0", "action": "1", "value": -1}, {"state": "0", "action": "1", "value": -1}, {"state": "0", "action": "0", "value": -1}, {"state": "0", "action": "0", "value": -1}, {"state": "0", "action": "0", "value": -1}, {"state": "0", "action": "0", "value": -1}, {"state": "0", "action": "0", "value": -1}, {"state": "0", "action": "0", "value": -1}, {"state": "0", "action": "1", "value": -1}, {"state": "0", "action": "1", "value": -1}, {"state": "0", "action": "0", "value": -1}, {"state": "0", "action": "1", "value": -1}, {"state": "0", "action": "1", "value": -1}, {"state": "0", "action": "0", "value": -1}, {"state": "0", "action": "0", "value": -1}, {"state": "0", "action": "0", "value": -1}, {"state": "0", "action": "0", "value": -1}, {"state": "0", "action": "0", "value": -1}, {"state": "0", "action": "0", "value": -1}, {"state": "0", "action": "0", "value": -1}, {"state": "0", "action": "1", "value": -1}, {"state": "0", "action": "0", "value": -1}, {"state": "0", "action": "0", "value": -1}, {"state": "0", "action": "1", "value": -1}, {"state": "0", "action": "1", "value": -1}, {"state": "0", "action": "0", "value": -1}, {"state": "0", "action": "1", "value": -1}, {"state": "0", "action": "0", "value": -1}, {"state": "0", "action": "0", "value": -1}, {"state": "0", "action": "0", "value": -1}, {"state": "0", "action": "0", "value": -1}, {"state": "0", "action": "0", "value": -1}, {"state": "0", "action": "0", "value": -1}, {"state": "0", "action": "1", "value": -1}, {"state": "0", "action": "1", "value": -1}, {"state": "0", "action": "1", "value": -1}, {"state": "0", "action": "1", "value": -1}, {"state": "0", "action": "1", "value": -1}, {"state": "0", "action": "0", "value": -1}, {"state": "0", "action": "0", "value": -1}, {"state": "0", "action": "1", "value": -1}, {"state": "0", "action": "1", "value": -1}, {"state": "0", "action": "1", "value": -1}, {"state": "0", "action": "0", "value": -1}, {"state": "0", "action": "0", "value": -1}, {"state": "0", "action": "0", "value": -1}, {"state": "0", "action": "0", "value": -1}, {"state": "0", "action": "0", "value": -1}, {"state": "0", "action": "0", "value": -1}, {"state": "0", "action": "0", "value": -1}, {"state": "0", "action": "1", "value": -1}, {"state": "0", "action": "0", "value": -1}, {"state": "0", "action": "0", "value": -1}, {"state": "0", "action": "0", "value": -1}, {"state": "0", "action": "0", "value": -1}, {"state": "0", "action": "0", "value": -1}, {"state": "0", "action": "0", "value": -1}, {"state": "0", "action": "1", "value": -1}, {"state": "0", "action": "0", "value": -1}, {"state": "0", "action": "0", "value": -1}, {"state": "0", "action": "0", "value": -1}, {"state": "0", "action": "0", "value": -1}, {"state": "0", "action": "0", "value": -1}, {"state": "0", "action": "1", "value": -1}, {"state": "0", "action": "0", "value": -1}, {"state": "0", "action": "1", "value": -1}, {"state": "0", "action": "0", "value": -1}, {"state": "0", "action": "0", "value": -1}, {"state": "0", "action": "1", "value": -1}, {"state": "0", "action": "1", "value": -1}, {"state": "0", "action": "1", "value": -1}, {"state": "0", "action": "0", "value": -1}, {"state": "0", "action": "1", "value": -1}, {"state": "0", "action": "0", "value": -1}, {"state": "0", "action": "0", "value": -1}, {"state": "0", "action": "0", "value": -1}, {"state": "0", "action": "0", "value": -1}, {"state": "0", "action": "1", "value": -1}, {"state": "0", "action": "0", "value": -1}, {"state": "0", "action": "0", "value": -1}, {"state": "0", "action": "0", "value": -1}, {"state": "0", "action": "1", "value": -1}, {"state": "0", "action": "0", "value": -1}, {"state": "0", "action": "0", "value": -1}, {"state": "0", "action": "1", "value": -1}, {"state": "0", "action": "0", "value": -1}, {"state": "0", "action": "0", "value": -1}, {"state": "0", "action": "1", "value": -1}, {"state": "0", "action": "1", "value": -1}, {"state": "0", "action": "1", "value": -1}, {"state": "0", "action": "1", "value": -1}, {"state": "0", "action": "0", "value": -1}, {"state": "0", "action": "1", "value": -1}, {"state": "0", "action": "0", "value": -1}, {"state": "0", "action": "0", "value": -1}, {"state": "0", "action": "0", "value": -1}, {"state": "0", "action": "0", "value": -1}, {"state": "0", "action": "0", "value": -1}, {"state": "0", "action": "0", "value": -1}, {"state": "0", "action": "1", "value": -1}, {"state": "0", "action": "0", "value": -1}, {"state": "0", "action": "0", "value": -1}, {"state": "0", "action": "0", "value": -1}, {"state": "0", "action": "0", "value": -1}, {"state": "0", "action": "1", "value": -1}, {"state": "0", "action": "0", "value": -1}, {"state": "0", "action": "0", "value": -1}, {"state": "0", "action": "1", "value": -1}, {"state": "0", "action": "1", "value": -1}, {"state": "0", "action": "1", "value": -1}, {"state": "0", "action": "0", "value": -1}, {"state": "0", "action": "0", "value": -1}, {"state": "0", "action": "1", "value": -1}, {"state": "0", "action": "1", "value": -1}, {"state": "0", "action": "0", "value": -1}, {"state": "0", "action": "1", "value": -1}, {"state": "0", "action": "1", "value": -1}, {"state": "0", "action": "0", "value": -1}, {"state": "0", "action": "1", "value": -1}, {"state": "0", "action": "1", "value": -1}, {"state": "0", "action": "1", "value": -1}, {"state": "0", "action": "1", "value": -1}, {"state": "0", "action": "1", "value": -1}, {"state": "0", "action": "1", "value": -1}, {"state": "0", "action": "1", "value": -1}, {"state": "0", "action": "0", "value": -1}, {"state": "0", "action": "1", "value": -1}, {"state": "0", "action": "1", "value": -1}, {"state": "0", "action": "1", "value": -1}, {"state": "0", "action": "0", "value": -1}, {"state": "0", "action": "1", "value": -1}, {"state": "0", "action": "1", "value": -1}, {"state": "0", "action": "0", "value": -1}, {"state": "0", "action": "0", "value": -1}, {"state": "0", "action": "3", "value": -1}, {"state": "0", "action": "3", "value": -1}, {"state": "0", "action": "2", "value": -1}, {"state": "0", "action": "0", "value": -1}, {"state": "0", "action": "0", "value": -1}, {"state": "0", "action": "0", "value": -1}, {"state": "0", "action": "1", "value": -1}, {"state": "0", "action": "3", "value": -1}, {"state": "0", "action": "2", "value": -1}, {"state": "0", "action": "0", "value": -1}, {"state": "0", "action": "2", "value": -1}, {"state": "0", "action": "1", "value": -1}, {"state": "0", "action": "2", "value": -1}, {"state": "0", "action": "1", "value": -1}, {"state": "0", "action": "2", "value": -1}, {"state": "0", "action": "1", "value": -1}, {"state": "0", "action": "2", "value": -1}, {"state": "0", "action": "1", "value": -1}, {"state": "0", "action": "1", "value": -1}, {"state": "0", "action": "3", "value": -1}, {"state": "0", "action": "2", "value": -1}, {"state": "0", "action": "1", "value": -1}, {"state": "0", "action": "3", "value": -1}, {"state": "0", "action": "3", "value": -1}, {"state": "0", "action": "3", "value": -1}, {"state": "0", "action": "1", "value": -1}, {"state": "0", "action": "3", "value": -1}, {"state": "0", "action": "3", "value": -1}, {"state": "0", "action": "0", "value": -1}, {"state": "0", "action": "1", "value": -1}, {"state": "0", "action": "0", "value": -1}, {"state": "0", "action": "0", "value": -1}, {"state": "0", "action": "2", "value": -1}, {"state": "0", "action": "2", "value": -1}, {"state": "0", "action": "3", "value": -1}, {"state": "0", "action": "1", "value": -1}, {"state": "0", "action": "1", "value": -1}, {"state": "0", "action": "0", "value": -1}, {"state": "0", "action": "1", "value": -1}, {"state": "0", "action": "3", "value": -1}, {"state": "0", "action": "2", "value": -1}, {"state": "0", "action": "0", "value": -1}, {"state": "0", "action": "1", "value": -1}, {"state": "0", "action": "1", "value": -1}, {"state": "0", "action": "2", "value": -1}, {"state": "0", "action": "3", "value": -1}, {"state": "0", "action": "3", "value": -1}, {"state": "0", "action": "1", "value": -1}, {"state": "0", "action": "0", "value": -1}, {"state": "0", "action": "2", "value": -1}, {"state": "0", "action": "0", "value": -1}, {"state": "0", "action": "1", "value": -1}, {"state": "0", "action": "2", "value": -1}, {"state": "0", "action": "3", "value": -1}, {"state": "0", "action": "3", "value": -1}, {"state": "0", "action": "0", "value": -1}, {"state": "0", "action": "3", "value": -1}, {"state": "0", "action": "0", "value": -1}, {"state": "0", "action": "2", "value": -1}, {"state": "0", "action": "0", "value": -1}, {"state": "0", "action": "2", "value": -1}, {"state": "0", "action": "1", "value": -1}, {"state": "0", "action": "1", "value": -1}, {"state": "0", "action": "3", "value": -1}, {"state": "0", "action": "1", "value": -1}, {"state": "0", "action": "3", "value": -1}, {"state": "0", "action": "0", "value": -1}, {"state": "0", "action": "2", "value": -1}, {"state": "0", "action": "1", "value": -1}, {"state": "0", "action": "0", "value": -1}, {"state": "0", "action": "0", "value": -1}, {"state": "0", "action": "3", "value": -1}, {"state": "0", "action": "1", "value": -1}, {"state": "0", "action": "1", "value": -1}, {"state": "0", "action": "0", "value": -1}, {"state": "0", "action": "3", "value": -1}, {"state": "0", "action": "2", "value": -1}, {"state": "0", "action": "2", "value": -1}, {"state": "0", "action": "0", "value": -1}, {"state": "0", "action": "0", "value": -1}, {"state": "0", "action": "0", "value": -1}, {"state": "0", "action": "2", "value": -1}, {"state": "0", "action": "2", "value": -1}, {"state": "0", "action": "1", "value": -1}, {"state": "0", "action": "2", "value": -1}, {"state": "0", "action": "2", "value": -1}, {"state": "0", "action": "2", "value": -1}, {"state": "0", "action": "1", "value": -1}, {"state": "0", "action": "2", "value": -1}, {"state": "0", "action": "2", "value": -1}, {"state": "0", "action": "0", "value": -1}, {"state": "0", "action": "1", "value": -1}, {"state": "0", "action": "2", "value": -1}, {"state": "0", "action": "2", "value": -1}, {"state": "0", "action": "1", "value": -1}, {"state": "0", "action": "3", "value": -1}, {"state": "0", "action": "3", "value": -1}, {"state": "0", "action": "1", "value": -1}, {"state": "0", "action": "1", "value": -1}, {"state": "0", "action": "2", "value": -1}, {"state": "0", "action": "1", "value": -1}, {"state": "0", "action": "3", "value": -1}, {"state": "0", "action": "3", "value": -1}, {"state": "0", "action": "0", "value": -1}, {"state": "0", "action": "0", "value": -1}, {"state": "0", "action": "1", "value": -1}, {"state": "0", "action": "1", "value": -1}, {"state": "0", "action": "3", "value": -1}, {"state": "0", "action": "2", "value": -1}, {"state": "0", "action": "0", "value": -1}, {"state": "0", "action": "2", "value": -1}, {"state": "0", "action": "3", "value": -1}, {"state": "0", "action": "3", "value": -1}, {"state": "0", "action": "0", "value": -1}, {"state": "0", "action": "0", "value": -1}, {"state": "0", "action": "0", "value": -1}, {"state": "0", "action": "1", "value": -1}, {"state": "0", "action": "1", "value": -1}, {"state": "0", "action": "0", "value": -1}, {"state": "0", "action": "3", "value": -1}, {"state": "0", "action": "0", "value": -1}, {"state": "0", "action": "3", "value": -1}, {"state": "0", "action": "3", "value": -1}, {"state": "0", "action": "2", "value": -1}, {"state": "0", "action": "1", "value": -1}, {"state": "0", "action": "1", "value": -1}, {"state": "0", "action": "3", "value": -1}, {"state": "0", "action": "3", "value": -1}, {"state": "0", "action": "1", "value": -1}, {"state": "0", "action": "0", "value": -1}, {"state": "0", "action": "3", "value": -1}, {"state": "0", "action": "0", "value": -1}, {"state": "0", "action": "0", "value": -1}, {"state": "0", "action": "3", "value": -1}, {"state": "0", "action": "0", "value": -1}, {"state": "0", "action": "2", "value": -1}, {"state": "0", "action": "1", "value": -1}, {"state": "0", "action": "0", "value": -1}, {"state": "0", "action": "0", "value": -1}, {"state": "0", "action": "1", "value": -1}, {"state": "0", "action": "3", "value": -1}, {"state": "0", "action": "2", "value": -1}, {"state": "0", "action": "2", "value": -1}, {"state": "0", "action": "2", "value": -1}, {"state": "0", "action": "2", "value": -1}, {"state": "0", "action": "3", "value": -1}, {"state": "0", "action": "2", "value": -1}, {"state": "0", "action": "3", "value": -1}, {"state": "0", "action": "3", "value": -1}, {"state": "0", "action": "2", "value": -1}, {"state": "0", "action": "3", "value": -1}, {"state": "0", "action": "2", "value": -1}, {"state": "0", "action": "3", "value": -1}, {"state": "0", "action": "1", "value": -1}, {"state": "0", "action": "0", "value": -1}, {"state": "0", "action": "2", "value": -1}, {"state": "0", "action": "1", "value": -1}, {"state": "0", "action": "1", "value": -1}, {"state": "0", "action": "1", "value": -1}, {"state": "0", "action": "0", "value": -1}, {"state": "0", "action": "2", "value": -1}, {"state": "0", "action": "3", "value": -1}, {"state": "0", "action": "3", "value": -1}, {"state": "0", "action": "2", "value": -1}, {"state": "0", "action": "0", "value": -1}, {"state": "0", "action": "3", "value": -1}, {"state": "0", "action": "1", "value": -1}, {"state": "0", "action": "3", "value": -1}, {"state": "0", "action": "2", "value": -1}, {"state": "0", "action": "0", "value": -1}, {"state": "0", "action": "3", "value": -1}, {"state": "0", "action": "3", "value": -1}, {"state": "0", "action": "3", "value": -1}, {"state": "0", "action": "3", "value": -1}, {"state": "0", "action": "3", "value": -1}, {"state": "0", "action": "0", "value": -1}, {"state": "0", "action": "2", "value": -1}, {"state": "0", "action": "2", "value": -1}, {"state": "0", "action": "3", "value": -1}, {"state": "0", "action": "1", "value": -1}, {"state": "0", "action": "3", "value": -1}, {"state": "0", "action": "3", "value": -1}, {"state": "0", "action": "0", "value": -1}, {"state": "0", "action": "0", "value": -1}, {"state": "0", "action": "1", "value": -1}, {"state": "0", "action": "1", "value": -1}, {"state": "0", "action": "1", "value": -1}, {"state": "0", "action": "2", "value": -1}, {"state": "0", "action": "2", "value": -1}, {"state": "0", "action": "0", "value": -1}, {"state": "0", "action": "0", "value": -1}, {"state": "0", "action": "3", "value": -1}, {"state": "0", "action": "2", "value": -1}, {"state": "0", "action": "1", "value": -1}, {"state": "0", "action": "2", "value": -1}, {"state": "0", "action": "2", "value": -1}, {"state": "0", "action": "3", "value": -1}, {"state": "0", "action": "1", "value": -1}, {"state": "0", "action": "0", "value": -1}, {"state": "0", "action": "0", "value": -1}, {"state": "0", "action": "1", "value": -1}, {"state": "0", "action": "0", "value": -1}, {"state": "0", "action": "0", "value": -1}, {"state": "0", "action": "1", "value": -1}, {"state": "0", "action": "1", "value": -1}, {"state": "0", "action": "2", "value": -1}, {"state": "0", "action": "3", "value": -1}, {"state": "0", "action": "2", "value": -1}, {"state": "0", "action": "3", "value": -1}, {"state": "0", "action": "0", "value": -1}, {"state": "0", "action": "2", "value": -1}, {"state": "0", "action": "2", "value": -1}, {"state": "0", "action": "0", "value": -1}, {"state": "0", "action": "2", "value": -1}, {"state": "0", "action": "3", "value": -1}, {"state": "0", "action": "3", "value": -1}, {"state": "0", "action": "3", "value": -1}, {"state": "0", "action": "0", "value": -1}, {"state": "0", "action": "0", "value": -1}, {"state": "0", "action": "0", "value": -1}, {"state": "0", "action": "3", "value": -1}, {"state": "0", "action": "3", "value": -1}, {"state": "0", "action": "3", "value": -1}, {"state": "0", "action": "1", "value": -1}, {"state": "0", "action": "1", "value": -1}, {"state": "0", "action": "2", "value": -1}, {"state": "0", "action": "0", "value": -1}, {"state": "0", "action": "0", "value": -1}, {"state": "0", "action": "1", "value": -1}, {"state": "0", "action": "3", "value": -1}, {"state": "0", "action": "2", "value": -1}, {"state": "0", "action": "1", "value": -1}, {"state": "0", "action": "1", "value": -1}, {"state": "0", "action": "0", "value": -1}, {"state": "0", "action": "2", "value": -1}, {"state": "0", "action": "2", "value": -1}, {"state": "0", "action": "1", "value": -1}, {"state": "0", "action": "2", "value": -1}, {"state": "0", "action": "2", "value": -1}, {"state": "0", "action": "1", "value": -1}, {"state": "0", "action": "1", "value": -1}, {"state": "0", "action": "3", "value": -1}, {"state": "0", "action": "2", "value": -1}, {"state": "0", "action": "1", "value": -1}, {"state": "0", "action": "3", "value": -1}, {"state": "0", "action": "3", "value": -1}, {"state": "0", "action": "3", "value": -1}, {"state": "0", "action": "2", "value": -1}, {"state": "0", "action": "2", "value": -1}, {"state": "0", "action": "1", "value": -1}, {"state": "0", "action": "0", "value": -1}, {"state": "0", "action": "0", "value": -1}, {"state": "0", "action": "1", "value": -1}, {"state": "0", "action": "0", "value": -1}, {"state": "0", "action": "1", "value": -1}, {"state": "0", "action": "0", "value": -1}, {"state": "0", "action": "0", "value": -1}, {"state": "0", "action": "1", "value": -1}, {"state": "0", "action": "1", "value": -1}, {"state": "0", "action": "1", "value": -1}, {"state": "0", "action": "1", "value": -1}, {"state": "0", "action": "0", "value": -1}, {"state": "0", "action": "1", "value": -1}, {"state": "0", "action": "0", "value": -1}, {"state": "0", "action": "0", "value": -1}, {"state": "0", "action": "0", "value": -1}, {"state": "0", "action": "0", "value": -1}, {"state": "0", "action": "1", "value": -1}, {"state": "0", "action": "1", "value": -1}, {"state": "0", "action": "0", "value": -1}, {"state": "0", "action": "0", "value": -1}, {"state": "0", "action": "1", "value": -1}, {"state": "0", "action": "0", "value": -1}, {"state": "0", "action": "0", "value": -1}, {"state": "0", "action": "0", "value": -1}, {"state": "0", "action": "1", "value": -1}, {"state": "0", "action": "0", "value": -1}, {"state": "0", "action": "0", "value": -1}, {"state": "0", "action": "0", "value": -1}, {"state": "0", "action": "1", "value": -1}, {"state": "0", "action": "1", "value": -1}, {"state": "0", "action": "0", "value": -1}, {"state": "0", "action": "0", "value": -1}, {"state": "0", "action": "1", "value": -1}, {"state": "0", "action": "0", "value": -1}, {"state": "0", "action": "1", "value": -1}, {"state": "0", "action": "1", "value": -1}, {"state": "0", "action": "0", "value": -1}, {"state": "0", "action": "0", "value": -1}, {"state": "0", "action": "1", "value": -1}, {"state": "0", "action": "1", "value": -1}, {"state": "0", "action": "1", "value": -1}, {"state": "0", "action": "0", "value": -1}, {"state": "0", "action": "0", "value": -1}, {"state": "0", "action": "1", "value": -1}, {"state": "0", "action": "1", "value": -1}, {"state": "0", "action": "0", "value": -1}, {"state": "0", "action": "1", "value": -1}, {"state": "0", "action": "1", "value": -1}, {"state": "0", "action": "1", "value": -1}, {"state": "0", "action": "0", "value": -1}, {"state": "0", "action": "0", "value": -1}, {"state": "0", "action": "0", "value": -1}, {"state": "0", "action": "0", "value": -1}, {"state": "0", "action": "0", "value": -1}, {"state": "0", "action": "0", "value": -1}, {"state": "0", "action": "0", "value": -1}, {"state": "0", "action": "1", "value": -1}, {"state": "0", "action": "0", "value": -1}, {"state": "0", "action": "1", "value": -1}, {"state": "0", "action": "0", "value": -1}, {"state": "0", "action": "0", "value": -1}, {"state": "0", "action": "1", "value": -1}, {"state": "0", "action": "1", "value": -1}, {"state": "0", "action": "1", "value": -1}, {"state": "0", "action": "1", "value": -1}, {"state": "0", "action": "1", "value": -1}, {"state": "0", "action": "1", "value": -1}, {"state": "0", "action": "0", "value": -1}, {"state": "0", "action": "1", "value": -1}, {"state": "0", "action": "1", "value": -1}, {"state": "0", "action": "0", "value": -1}, {"state": "0", "action": "0", "value": -1}, {"state": "0", "action": "1", "value": -1}, {"state": "0", "action": "0", "value": -1}, {"state": "0", "action": "0", "value": -1}, {"state": "0", "action": "1", "value": -1}, {"state": "0", "action": "0", "value": -1}, {"state": "0", "action": "1", "value": -1}, {"state": "0", "action": "0", "value": -1}, {"state": "0", "action": "0", "value": -1}, {"state": "0", "action": "0", "value": -1}, {"state": "0", "action": "1", "value": -1}, {"state": "0", "action": "0", "value": -1}, {"state": "0", "action": "0", "value": -1}, {"state": "0", "action": "0", "value": -1}, {"state": "0", "action": "0", "value": -1}, {"state": "0", "action": "1", "value": -1}, {"state": "0", "action": "1", "value": -1}, {"state": "0", "action": "0", "value": -1}, {"state": "0", "action": "0", "value": -1}, {"state": "0", "action": "1", "value": -1}, {"state": "0", "action": "1", "value": -1}, {"state": "0", "action": "0", "value": -1}, {"state": "0", "action": "0", "value": -1}, {"state": "0", "action": "1", "value": -1}, {"state": "0", "action": "1", "value": -1}, {"state": "0", "action": "1", "value": -1}, {"state": "0", "action": "0", "value": -1}, {"state": "0", "action": "1", "value": -1}, {"state": "0", "action": "0", "value": -1}, {"state": "0", "action": "1", "value": -1}, {"state": "0", "action": "1", "value": -1}, {"state": "0", "action": "1", "value": -1}, {"state": "0", "action": "1", "value": -1}, {"state": "0", "action": "1", "value": -1}, {"state": "0", "action": "0", "value": -1}, {"state": "0", "action": "1", "value": -1}, {"state": "0", "action": "1", "value": -1}, {"state": "0", "action": "0", "value": -1}, {"state": "0", "action": "1", "value": -1}, {"state": "0", "action": "0", "value": -1}, {"state": "0", "action": "1", "value": -1}, {"state": "0", "action": "0", "value": -1}, {"state": "0", "action": "1", "value": -1}, {"state": "0", "action": "1", "value": -1}, {"state": "0", "action": "1", "value": -1}, {"state": "0", "action": "0", "value": -1}, {"state": "0", "action": "0", "value": -1}, {"state": "0", "action": "0", "value": -1}, {"state": "0", "action": "1", "value": -1}, {"state": "0", "action": "0", "value": -1}, {"state": "0", "action": "1", "value": -1}, {"state": "0", "action": "0", "value": -1}, {"state": "0", "action": "1", "value": -1}, {"state": "0", "action": "0", "value": -1}, {"state": "0", "action": "0", "value": -1}, {"state": "0", "action": "1", "value": -1}, {"state": "0", "action": "1", "value": -1}, {"state": "0", "action": "1", "value": -1}, {"state": "0", "action": "1", "value": -1}, {"state": "0", "action": "0", "value": -1}, {"state": "0", "action": "0", "value": -1}, {"state": "0", "action": "1", "value": -1}, {"state": "0", "action": "1", "value": -1}, {"state": "0", "action": "1", "value": -1}, {"state": "0", "action": "1", "value": -1}, {"state": "0", "action": "0", "value": -1}, {"state": "0", "action": "0", "value": -1}, {"state": "0", "action": "0", "value": -1}, {"state": "0", "action": "1", "value": -1}, {"state": "0", "action": "1", "value": -1}, {"state": "0", "action": "1", "value": -1}, {"state": "0", "action": "0", "value": -1}, {"state": "0", "action": "1", "value": -1}, {"state": "0", "action": "0", "value": -1}, {"state": "0", "action": "0", "value": -1}, {"state": "0", "action": "1", "value": -1}, {"state": "0", "action": "0", "value": -1}, {"state": "0", "action": "1", "value": -1}, {"state": "0", "action": "0", "value": -1}, {"state": "0", "action": "1", "value": -1}, {"state": "0", "action": "0", "value": -1}, {"state": "0", "action": "0", "value": -1}, {"state": "0", "action": "1", "value": -1}, {"state": "0", "action": "1", "value": -1}, {"state": "0", "action": "1", "value": -1}, {"state": "0", "action": "0", "value": -1}, {"state": "0", "action": "0", "value": -1}, {"state": "0", "action": "0", "value": -1}, {"state": "0", "action": "1", "value": -1}, {"state": "0", "action": "1", "value": -1}, {"state": "0", "action": "1", "value": -1}, {"state": "0", "action": "0", "value": -1}, {"state": "0", "action": "1", "value": -1}, {"state": "0", "action": "0", "value": -1}, {"state": "0", "action": "1", "value": -1}, {"state": "0", "action": "1", "value": -1}, {"state": "0", "action": "1", "value": -1}, {"state": "0", "action": "0", "value": -1}, {"state": "0", "action": "1", "value": -1}, {"state": "0", "action": "1", "value": -1}, {"state": "0", "action": "1", "value": -1}, {"state": "0", "action": "1", "value": -1}, {"state": "0", "action": "0", "value": -1}, {"state": "0", "action": "0", "value": -1}, {"state": "0", "action": "0", "value": -1}, {"state": "0", "action": "0", "value": -1}, {"state": "0", "action": "0", "value": -1}, {"state": "0", "action": "0", "value": -1}, {"state": "0", "action": "1", "value": -1}, {"state": "0", "action": "0", "value": -1}, {"state": "0", "action": "0", "value": -1}, {"state": "0", "action": "1", "value": -1}, {"state": "0", "action": "0", "value": -1}, {"state": "0", "action": "0", "value": -1}, {"state": "0", "action": "1", "value": -1}, {"state": "0", "action": "1", "value": -1}, {"state": "0", "action": "0", "value": -1}, {"state": "0", "action": "1", "value": -1}, {"state": "0", "action": "0", "value": -1}, {"state": "0", "action": "0", "value": -1}, {"state": "0", "action": "1", "value": -1}, {"state": "0", "action": "1", "value": -1}, {"state": "0", "action": "1", "value": -1}, {"state": "0", "action": "1", "value": -1}, {"state": "0", "action": "0", "value": -1}, {"state": "0", "action": "1", "value": -1}, {"state": "0", "action": "1", "value": -1}, {"state": "0", "action": "0", "value": -1}, {"state": "0", "action": "0", "value": -1}, {"state": "0", "action": "0", "value": -1}, {"state": "0", "action": "0", "value": -1}, {"state": "0", "action": "1", "value": -1}, {"state": "0", "action": "1", "value": -1}, {"state": "0", "action": "1", "value": -1}, {"state": "0", "action": "1", "value": -1}, {"state": "0", "action": "0", "value": -1}, {"state": "0", "action": "0", "value": -1}, {"state": "0", "action": "1", "value": -1}, {"state": "0", "action": "0", "value": -1}, {"state": "0", "action": "0", "value": -1}, {"state": "0", "action": "0", "value": -1}, {"state": "0", "action": "1", "value": -1}, {"state": "0", "action": "0", "value": -1}, {"state": "0", "action": "1", "value": -1}, {"state": "0", "action": "0", "value": -1}, {"state": "0", "action": "0", "value": -1}, {"state": "0", "action": "1", "value": -1}, {"state": "0", "action": "1", "value": -1}, {"state": "0", "action": "0", "value": -1}, {"state": "0", "action": "0", "value": -1}, {"state": "0", "action": "1", "value": -1}, {"state": "0", "action": "1", "value": -1}, {"state": "0", "action": "1", "value": -1}, {"state": "0", "action": "0", "value": -1}, {"state": "0", "action": "0", "value": -1}, {"state": "0", "action": "0", "value": -1}, {"state": "0", "action": "1", "value": -1}, {"state": "0", "action": "0", "value": -1}, {"state": "0", "action": "0", "value": -1}, {"state": "0", "action": "0", "value": -1}, {"state": "0", "action": "1", "value": -1}, {"state": "0", "action": "1", "value": -1}, {"state": "0", "action": "1", "value": -1}, {"state": "0", "action": "0", "value": -1}, {"state": "0", "action": "1", "value": -1}, {"state": "0", "action": "1", "value": -1}, {"state": "0", "action": "0", "value": -1}, {"state": "0", "action": "1", "value": -1}, {"state": "0", "action": "0", "value": -1}, {"state": "0", "action": "1", "value": -1}, {"state": "0", "action": "1", "value": -1}, {"state": "0", "action": "0", "value": -1}, {"state": "0", "action": "1", "value": -1}, {"state": "0", "action": "0", "value": -1}, {"state": "0", "action": "0", "value": -1}, {"state": "0", "action": "0", "value": -1}, {"state": "0", "action": "0", "value": -1}, {"state": "0", "action": "3", "value": -1}, {"state": "0", "action": "0", "value": -1}, {"state": "0", "action": "3", "value": -1}, {"state": "0", "action": "1", "value": -1}, {"state": "0", "action": "0", "value": -1}, {"state": "0", "action": "2", "value": -1}, {"state": "0", "action": "0", "value": -1}, {"state": "0", "action": "0", "value": -1}, {"state": "0", "action": "1", "value": -1}, {"state": "0", "action": "2", "value": -1}, {"state": "0", "action": "1", "value": -1}, {"state": "0", "action": "1", "value": -1}, {"state": "0", "action": "3", "value": -1}, {"state": "0", "action": "2", "value": -1}, {"state": "0", "action": "0", "value": -1}, {"state": "0", "action": "3", "value": -1}, {"state": "0", "action": "3", "value": -1}, {"state": "0", "action": "2", "value": -1}, {"state": "0", "action": "1", "value": -1}, {"state": "0", "action": "2", "value": -1}, {"state": "0", "action": "3", "value": -1}, {"state": "0", "action": "3", "value": -1}, {"state": "0", "action": "1", "value": -1}, {"state": "0", "action": "0", "value": -1}, {"state": "0", "action": "0", "value": -1}, {"state": "0", "action": "0", "value": -1}, {"state": "0", "action": "3", "value": -1}, {"state": "0", "action": "3", "value": -1}, {"state": "0", "action": "0", "value": -1}, {"state": "0", "action": "3", "value": -1}, {"state": "0", "action": "1", "value": -1}, {"state": "0", "action": "1", "value": -1}, {"state": "0", "action": "2", "value": -1}, {"state": "0", "action": "0", "value": -1}, {"state": "0", "action": "2", "value": -1}, {"state": "0", "action": "0", "value": -1}, {"state": "0", "action": "2", "value": -1}, {"state": "0", "action": "3", "value": -1}, {"state": "0", "action": "3", "value": -1}, {"state": "0", "action": "0", "value": -1}, {"state": "0", "action": "1", "value": -1}, {"state": "0", "action": "1", "value": -1}, {"state": "0", "action": "1", "value": -1}, {"state": "0", "action": "3", "value": -1}, {"state": "0", "action": "0", "value": -1}, {"state": "0", "action": "3", "value": -1}, {"state": "0", "action": "1", "value": -1}, {"state": "0", "action": "1", "value": -1}, {"state": "0", "action": "2", "value": -1}, {"state": "0", "action": "1", "value": -1}, {"state": "0", "action": "2", "value": -1}, {"state": "0", "action": "3", "value": -1}, {"state": "0", "action": "0", "value": -1}, {"state": "0", "action": "3", "value": -1}, {"state": "0", "action": "2", "value": -1}, {"state": "0", "action": "0", "value": -1}, {"state": "0", "action": "2", "value": -1}, {"state": "0", "action": "0", "value": -1}, {"state": "0", "action": "1", "value": -1}, {"state": "0", "action": "3", "value": -1}, {"state": "0", "action": "1", "value": -1}, {"state": "0", "action": "3", "value": -1}, {"state": "0", "action": "0", "value": -1}, {"state": "0", "action": "2", "value": -1}, {"state": "0", "action": "1", "value": -1}, {"state": "0", "action": "3", "value": -1}, {"state": "0", "action": "1", "value": -1}, {"state": "0", "action": "3", "value": -1}, {"state": "0", "action": "3", "value": -1}, {"state": "0", "action": "3", "value": -1}, {"state": "0", "action": "1", "value": -1}, {"state": "0", "action": "2", "value": -1}, {"state": "0", "action": "3", "value": -1}, {"state": "0", "action": "0", "value": -1}, {"state": "0", "action": "1", "value": -1}, {"state": "0", "action": "2", "value": -1}, {"state": "0", "action": "0", "value": -1}, {"state": "0", "action": "3", "value": -1}, {"state": "0", "action": "2", "value": -1}, {"state": "0", "action": "2", "value": -1}, {"state": "0", "action": "3", "value": -1}, {"state": "0", "action": "3", "value": -1}, {"state": "0", "action": "3", "value": -1}, {"state": "0", "action": "2", "value": -1}, {"state": "0", "action": "0", "value": -1}, {"state": "0", "action": "2", "value": -1}, {"state": "0", "action": "0", "value": -1}, {"state": "0", "action": "0", "value": -1}, {"state": "0", "action": "1", "value": -1}, {"state": "0", "action": "1", "value": -1}, {"state": "0", "action": "0", "value": -1}, {"state": "0", "action": "0", "value": -1}, {"state": "0", "action": "1", "value": -1}, {"state": "0", "action": "2", "value": -1}, {"state": "0", "action": "2", "value": -1}, {"state": "0", "action": "3", "value": -1}, {"state": "0", "action": "1", "value": -1}, {"state": "0", "action": "2", "value": -1}, {"state": "0", "action": "2", "value": -1}, {"state": "0", "action": "3", "value": -1}, {"state": "0", "action": "0", "value": -1}, {"state": "0", "action": "2", "value": -1}, {"state": "0", "action": "1", "value": -1}, {"state": "0", "action": "2", "value": -1}, {"state": "0", "action": "1", "value": -1}, {"state": "0", "action": "3", "value": -1}, {"state": "0", "action": "3", "value": -1}, {"state": "0", "action": "2", "value": -1}, {"state": "0", "action": "0", "value": -1}, {"state": "0", "action": "2", "value": -1}, {"state": "0", "action": "3", "value": -1}, {"state": "0", "action": "3", "value": -1}, {"state": "0", "action": "3", "value": -1}, {"state": "0", "action": "1", "value": -1}, {"state": "0", "action": "3", "value": -1}, {"state": "0", "action": "2", "value": -1}, {"state": "0", "action": "1", "value": -1}, {"state": "0", "action": "2", "value": -1}, {"state": "0", "action": "3", "value": -1}, {"state": "0", "action": "0", "value": -1}, {"state": "0", "action": "0", "value": -1}, {"state": "0", "action": "3", "value": -1}, {"state": "0", "action": "0", "value": -1}, {"state": "0", "action": "1", "value": -1}, {"state": "0", "action": "0", "value": -1}, {"state": "0", "action": "2", "value": -1}, {"state": "0", "action": "0", "value": -1}, {"state": "0", "action": "0", "value": -1}, {"state": "0", "action": "1", "value": -1}, {"state": "0", "action": "3", "value": -1}, {"state": "0", "action": "3", "value": -1}, {"state": "0", "action": "3", "value": -1}, {"state": "0", "action": "2", "value": -1}, {"state": "0", "action": "3", "value": -1}, {"state": "0", "action": "2", "value": -1}, {"state": "0", "action": "1", "value": -1}, {"state": "0", "action": "3", "value": -1}, {"state": "0", "action": "1", "value": -1}, {"state": "0", "action": "0", "value": -1}, {"state": "0", "action": "3", "value": -1}, {"state": "0", "action": "0", "value": -1}, {"state": "0", "action": "2", "value": -1}, {"state": "0", "action": "3", "value": -1}, {"state": "0", "action": "2", "value": -1}, {"state": "0", "action": "0", "value": -1}, {"state": "0", "action": "3", "value": -1}, {"state": "0", "action": "0", "value": -1}, {"state": "0", "action": "0", "value": -1}, {"state": "0", "action": "1", "value": -1}, {"state": "0", "action": "0", "value": -1}, {"state": "0", "action": "2", "value": -1}, {"state": "0", "action": "2", "value": -1}, {"state": "0", "action": "3", "value": -1}, {"state": "0", "action": "0", "value": -1}, {"state": "0", "action": "0", "value": -1}, {"state": "0", "action": "1", "value": -1}, {"state": "0", "action": "1", "value": -1}, {"state": "0", "action": "2", "value": -1}, {"state": "0", "action": "3", "value": -1}, {"state": "0", "action": "3", "value": -1}, {"state": "0", "action": "0", "value": -1}, {"state": "0", "action": "3", "value": -1}, {"state": "0", "action": "1", "value": -1}, {"state": "0", "action": "1", "value": -1}, {"state": "0", "action": "2", "value": -1}, {"state": "0", "action": "3", "value": -1}, {"state": "0", "action": "2", "value": -1}, {"state": "0", "action": "1", "value": -1}, {"state": "0", "action": "1", "value": -1}, {"state": "0", "action": "2", "value": -1}, {"state": "0", "action": "1", "value": -1}, {"state": "0", "action": "2", "value": -1}, {"state": "0", "action": "3", "value": -1}, {"state": "0", "action": "1", "value": -1}, {"state": "0", "action": "1", "value": -1}, {"state": "0", "action": "3", "value": -1}, {"state": "0", "action": "0", "value": -1}, {"state": "0", "action": "3", "value": -1}, {"state": "0", "action": "3", "value": -1}, {"state": "0", "action": "0", "value": -1}, {"state": "0", "action": "2", "value": -1}, {"state": "0", "action": "2", "value": -1}, {"state": "0", "action": "2", "value": -1}, {"state": "0", "action": "3", "value": -1}, {"state": "0", "action": "2", "value": -1}, {"state": "0", "action": "3", "value": -1}, {"state": "0", "action": "1", "value": -1}, {"state": "0", "action": "3", "value": -1}, {"state": "0", "action": "2", "value": -1}, {"state": "0", "action": "0", "value": -1}, {"state": "0", "action": "1", "value": -1}, {"state": "0", "action": "0", "value": -1}, {"state": "0", "action": "3", "value": -1}, {"state": "0", "action": "2", "value": -1}, {"state": "0", "action": "1", "value": -1}, {"state": "0", "action": "3", "value": -1}, {"state": "0", "action": "2", "value": -1}, {"state": "0", "action": "2", "value": -1}, {"state": "0", "action": "2", "value": -1}, {"state": "0", "action": "1", "value": -1}, {"state": "0", "action": "3", "value": -1}, {"state": "0", "action": "0", "value": -1}, {"state": "0", "action": "3", "value": -1}, {"state": "0", "action": "2", "value": -1}, {"state": "0", "action": "1", "value": -1}, {"state": "0", "action": "1", "value": -1}, {"state": "0", "action": "3", "value": -1}, {"state": "0", "action": "1", "value": -1}, {"state": "0", "action": "0", "value": -1}, {"state": "0", "action": "0", "value": -1}, {"state": "0", "action": "1", "value": -1}, {"state": "0", "action": "2", "value": -1}, {"state": "0", "action": "3", "value": -1}, {"state": "0", "action": "0", "value": -1}, {"state": "0", "action": "3", "value": -1}, {"state": "0", "action": "0", "value": -1}, {"state": "0", "action": "3", "value": -1}, {"state": "0", "action": "0", "value": -1}, {"state": "0", "action": "1", "value": -1}, {"state": "0", "action": "1", "value": -1}, {"state": "0", "action": "3", "value": -1}, {"state": "0", "action": "0", "value": -1}, {"state": "0", "action": "0", "value": -1}, {"state": "0", "action": "1", "value": -1}, {"state": "0", "action": "1", "value": -1}, {"state": "0", "action": "1", "value": -1}, {"state": "0", "action": "3", "value": -1}, {"state": "0", "action": "0", "value": -1}, {"state": "0", "action": "2", "value": -1}, {"state": "0", "action": "1", "value": -1}, {"state": "0", "action": "0", "value": -1}, {"state": "0", "action": "0", "value": -1}, {"state": "0", "action": "1", "value": -1}, {"state": "0", "action": "3", "value": -1}, {"state": "0", "action": "1", "value": -1}, {"state": "0", "action": "2", "value": -1}, {"state": "0", "action": "0", "value": -1}, {"state": "0", "action": "1", "value": -1}, {"state": "0", "action": "1", "value": -1}, {"state": "0", "action": "0", "value": -1}, {"state": "0", "action": "1", "value": -1}, {"state": "0", "action": "3", "value": -1}, {"state": "0", "action": "1", "value": -1}, {"state": "0", "action": "1", "value": -1}, {"state": "0", "action": "3", "value": -1}, {"state": "0", "action": "1", "value": -1}, {"state": "0", "action": "0", "value": -1}, {"state": "0", "action": "2", "value": -1}, {"state": "0", "action": "2", "value": -1}, {"state": "0", "action": "3", "value": -1}]